(Do Not Modify) Funding Program,(Do Not Modify) Row Checksum,(Do Not Modify) Modified On,Name,Created On,Owner,Status,Status Reason
a10298c0-6295-ea11-a812-000d3af43595,j1lxmRauTUJfT8ROCEqN1wlWukXyCCSkeyDfk3zT+Z9WPiTjWLVfjsk+n9PE+ZMZnAQcx3gh0+YSOIYqQEXvDg==,5/13/2020 21:43,AFG,5/13/2020 14:43,Albus Dumbledore,Active,Active
db0298c0-6295-ea11-a812-000d3af43595,x2++sm3DmW3cJNCJlzTnCmXgcb7lsefTv0hcJXRug4cfc5CJR0KYy0AUqZPTq93XB1+Emus+mteIEZBGy3B81Q==,5/13/2020 21:43,BEP,5/13/2020 14:43,Albus Dumbledore,Active,Active
653e90c6-6295-ea11-a812-000d3af43595,US0gCSxoRgvZZKfBrVntqlp8yy2aLFjfNgHgBe751eKlMuIEdXBK7vwmLAjJvEAlwJ9J+c5WAdGmYSLLKeLHxg==,5/13/2020 21:43,Buses,5/13/2020 14:43,Albus Dumbledore,Active,Active
99d874ba-6295-ea11-a812-000d3af43595,IG7E1SVWbopdxmkWk6BaDXPuqPDqpne0dDRuHhgu1UYIfONJQlFbG8t12SpYbmJz20keLTqi7S3j0ZaQRq83Aw==,5/13/2020 21:43,CNCP,5/13/2020 14:43,Albus Dumbledore,Active,Active
debc4ba8-6295-ea11-a812-000d3af43595,2sL155wWTCxOcbUL8TqCfTcXY0Ck18f5G8Mndv0vTb5tOOGuwj0AJTKuBLt86Bz0+ux5lpN/+IMxDwx//dgF4w==,5/13/2020 21:42,CSF Funding,5/13/2020 14:42,Albus Dumbledore,Active,Active
35d677b4-6295-ea11-a812-000d3af43595,M4PIlz5FpfvAeXHcWcxXi6BSXnQX4fVRHKk6bHcEFFdGhm9IH17KQb/hdwtUPHOCCMBHkfrnOA2oJvPwbu+l5Q==,5/13/2020 21:43,CSF Leases,5/13/2020 14:43,Albus Dumbledore,Active,Active
9a3e90c6-6295-ea11-a812-000d3af43595,90P3r3h3it6tnu6Zzvr/jujDDnovJge7OP86tUGILxP3y2Cus4/SkgLGHfg2L9Q5nTGUBnmd5oUKmsy83qyK9g==,5/13/2020 21:43,Emergent Claims,5/13/2020 14:43,Albus Dumbledore,Active,Active
83bb4ea2-6295-ea11-a812-000d3af43595,/EhIaw6B3t92nsag0vC3gztIsEcWh92Jx18ga2ti36l8fhRz9VE2YQkcIYmvBcSrLyh+aqEt82bz9gYpsHmeyQ==,5/13/2020 21:42,Enrolment Growth,5/13/2020 14:42,Albus Dumbledore,Active,Active
d7d577b4-6295-ea11-a812-000d3af43595,cjCoa3wCVKVtRDgXPc8ESjFwqEkIbUgzpiViH+9JeOQZ4nxtyWyOi8gcLBpSNUe1Kxioa3p8mCkSfrqpRTCyVQ==,5/13/2020 21:42,Other Expansion,5/13/2020 14:42,Albus Dumbledore,Active,Active
6fd874ba-6295-ea11-a812-000d3af43595,ynFETTAUgqx/O23xjTddO2RDGmcNH47Y0t3LOMWTnjjp7app7UdjMSSFgaMbHffPtGpTQ6v2dR7xIWIZOgRkgA==,5/13/2020 21:43,PEP,5/13/2020 14:43,Albus Dumbledore,Active,Active
76bc4ba8-6295-ea11-a812-000d3af43595,bRXsTg8qTAijjzeWUVMa320sViLT4kN8t5qEjeDftVTSAnCdzYFhZrJ8JiYNR+z/OfGqzMwQdm5upzo7ElCA2A==,5/13/2020 21:42,Rural District,5/13/2020 14:42,Albus Dumbledore,Active,Active
d9e84fae-6295-ea11-a812-000d3af43595,CX2RtRHgeDiaLB2kbixAIqQ5GIKeGUWw4HEKopKw9Nb1K134p+rAd0C1DbdtNvpbBQtrmlkjLqctOcVwPl8AQQ==,5/13/2020 21:42,Seismic Mitigation,5/13/2020 14:42,Albus Dumbledore,Active,Active
610298c0-6295-ea11-a812-000d3af43595,YaTo+Zg5lRDK4hibX16GEpv9V3XuzL/ltb2SLAu6VZvoNI+59l3+ExD6Qag0N7PM3nZ7LDeUOy38vkdl1uakLA==,5/13/2020 21:43,SEP,5/13/2020 14:43,Albus Dumbledore,Active,Active
21e94fae-6295-ea11-a812-000d3af43595,wp4bRITrf4JRKDuoGxMBBmjDEP9XZ0oBwlz7bTW7jzOJady6LWtZCu3bVVI7ADoo3ax5p/zDho15HzhJWtJcyg==,5/13/2020 21:42,Site Acquisition,5/13/2020 14:42,Albus Dumbledore,Active,Active
